12101,Fixed Mortgage
12599,Savings Account
12600,Rent Deposit Account
12600,Checking Account
12600,Savings Account
12601,Checking Account
12602,Variable Mortgage
12602,Rent Deposit Account
12602,Checking Account
12602,Savings Account
12603,Checking Account
12603,Savings Account
12604,Checking Account
12604,Savings Account
12605,Checking Account
12607,Variable Mortgage
12607,Checking Account
12607,Savings Account
12608,Variable Mortgage
12608,Checking Account
12608,Savings Account
12609,Checking Account
12609,Savings Account
12610,Checking Account
12610,Savings Account
12611,Variable Mortgage
12611,Checking Account
12613,Checking Account
12613,Variable Mortgage
12614,Fixed Mortgage
12615,Savings Account
12615,Checking Account
12616,Savings Account
12616,Checking Account
12617,Checking Account
12617,Fixed Mortgage
12618,Savings Account
12619,Checking Account
12619,Savings Account
12620,Fixed Mortgage
12620,Variable Mortgage
12620,Checking Account
12620,Savings Account
12621,Variable Mortgage
12621,Rent Deposit Account
12621,Checking Account
12621,Savings Account
12622,Checking Account
12622,Savings Account
12623,Fixed Mortgage
12623,Checking Account
12624,Checking Account
12624,Savings Account
12625,Fixed Mortgage
12625,Variable Mortgage
12625,Checking Account
12625,Savings Account
12626,Checking Account
12626,Savings Account
12627,Checking Account
12627,Savings Account
12628,Variable Mortgage
12628,Checking Account
12630,Fixed Mortgage
12630,Variable Mortgage
12630,Rent Deposit Account
12630,Checking Account
12630,Savings Account
12631,Variable Mortgage
12631,Checking Account
12632,Checking Account
12633,Variable Mortgage
12633,Checking Account
12633,Savings Account
12634,Checking Account
12634,Savings Account
12635,Checking Account
12635,Savings Account
12636,Checking Account
12636,Savings Account
12637,Checking Account
12638,Checking Account
12638,Savings Account
12639,Variable Mortgage
12640,Rent Deposit Account
12640,Savings Account
12641,Checking Account
12641,Savings Account
12642,Checking Account
12643,Variable Mortgage
12643,Rent Deposit Account
12643,Checking Account
12643,Savings Account
12644,Checking Account
12644,Savings Account
12645,Checking Account
12645,Savings Account
12646,Checking Account
12648,Fixed Mortgage
12648,Checking Account
12649,Checking Account
12649,Savings Account
12650,Checking Account
12650,Savings Account
12651,Fixed Mortgage
12651,Checking Account
12652,Fixed Mortgage
12652,Checking Account
12652,Savings Account
12653,Checking Account
12653,Savings Account
12654,Fixed Mortgage
12654,Checking Account
12655,Variable Mortgage
12655,Rent Deposit Account
12655,Checking Account
12656,Savings Account
12657,Checking Account
12657,Savings Account
12658,Checking Account
12659,Checking Account
12659,Savings Account
12660,Savings Account
12660,Checking Account
12661,Savings Account
12662,Checking Account
12662,Variable Mortgage
12662,Savings Account
12663,Checking Account
12664,Fixed Mortgage
12664,Savings Account
12665,Checking Account
12666,Checking Account
12667,Variable Mortgage
12667,Checking Account
12668,Checking Account
12668,Savings Account
12669,Checking Account
12670,Fixed Mortgage
12670,Checking Account
12670,Savings Account
12671,Savings Account
12672,Checking Account
12672,Savings Account
12673,Fixed Mortgage
12674,Fixed Mortgage
12674,Checking Account
12674,Savings Account
12675,Checking Account
12675,Savings Account
12676,Checking Account
12676,Savings Account
12677,Checking Account
12677,Savings Account
12678,Checking Account
12678,Savings Account
12679,Checking Account
12680,Checking Account
12680,Savings Account
12681,Checking Account
12682,Checking Account
12683,Checking Account
12683,Savings Account
12684,Checking Account
12684,Savings Account
12685,Checking Account
12685,Savings Account
12686,Variable Mortgage
12686,Checking Account
12686,Savings Account
12687,Rent Deposit Account
12687,Checking Account
12688,Fixed Mortgage
12688,Checking Account
12688,Savings Account
12689,Savings Account
12690,Savings Account
12690,Checking Account
12691,Savings Account
12691,Variable Mortgage
12692,Checking Account
12693,Checking Account
12693,Savings Account
12695,Savings Account
12695,Checking Account
12696,Savings Account
12696,Checking Account
12697,Variable Mortgage
12698,Savings Account
12698,Checking Account
12699,Checking Account
12700,Variable Mortgage
12700,Checking Account
12101,Checking Account
12102,Checking Account
12103,Variable Mortgage
12103,Checking Account
12103,Savings Account
12104,Checking Account
12105,Fixed Mortgage
12105,Checking Account
12105,Savings Account
12106,Checking Account
12106,Savings Account
12107,Checking Account
12107,Savings Account
12108,Fixed Mortgage
12108,Checking Account
12108,Savings Account
12109,Fixed Mortgage
12109,Checking Account
12109,Savings Account
12110,Checking Account
12110,Savings Account
12111,Variable Mortgage
12111,Checking Account
12112,Fixed Mortgage
12112,Checking Account
12112,Savings Account
12113,Fixed Mortgage
12113,Rent Deposit Account
12113,Checking Account
12113,Savings Account
12114,Checking Account
12114,Savings Account
12115,Checking Account
12116,Checking Account
12116,Savings Account
12117,Checking Account
12117,Savings Account
12118,Checking Account
12118,Savings Account
12119,Fixed Mortgage
12119,Checking Account
12120,Fixed Mortgage
12120,Variable Mortgage
12120,Checking Account
12121,Fixed Mortgage
12121,Checking Account
12123,Variable Mortgage
12123,Checking Account
12125,Variable Mortgage
12125,Savings Account
12126,Checking Account
12126,Savings Account
12127,Variable Mortgage
12127,Checking Account
12128,Fixed Mortgage
12128,Checking Account
12128,Savings Account
12129,Fixed Mortgage
12129,Checking Account
12129,Savings Account
12130,Fixed Mortgage
12130,Checking Account
12131,Checking Account
12132,Rent Deposit Account
12132,Checking Account
12133,Checking Account
12133,Savings Account
12134,Fixed Mortgage
12134,Checking Account
12134,Savings Account
12135,Checking Account
12135,Savings Account
12136,Checking Account
12136,Savings Account
12137,Checking Account
12137,Savings Account
12138,Variable Mortgage
12139,Variable Mortgage
12139,Checking Account
12139,Savings Account
12140,Checking Account
12140,Savings Account
12141,Fixed Mortgage
12141,Checking Account
12141,Savings Account
12142,Checking Account
12142,Savings Account
12143,Fixed Mortgage
12143,Savings Account
12144,Fixed Mortgage
12144,Checking Account
12144,Savings Account
12145,Checking Account
12146,Fixed Mortgage
12146,Variable Mortgage
12146,Checking Account
12146,Savings Account
12147,Checking Account
12147,Savings Account
12148,Fixed Mortgage
12148,Rent Deposit Account
12148,Checking Account
12148,Savings Account
12149,Savings Account
12150,Fixed Mortgage
12150,Checking Account
12150,Savings Account
12151,Fixed Mortgage
12151,Checking Account
12152,Checking Account
12152,Savings Account
12153,Checking Account
12154,Checking Account
12154,Savings Account
12155,Fixed Mortgage
12155,Savings Account
12156,Savings Account
12157,Checking Account
12158,Checking Account
12158,Savings Account
12159,Checking Account
12160,Fixed Mortgage
12160,Checking Account
12160,Savings Account
12161,Checking Account
12162,Variable Mortgage
12162,Checking Account
12162,Savings Account
12163,Fixed Mortgage
12163,Checking Account
12163,Savings Account
12164,Fixed Mortgage
12164,Checking Account
12164,Savings Account
12165,Checking Account
12165,Savings Account
12166,Checking Account
12167,Fixed Mortgage
12167,Checking Account
12168,Fixed Mortgage
12168,Variable Mortgage
12168,Checking Account
12169,Fixed Mortgage
12169,Checking Account
12169,Savings Account
12170,Checking Account
12171,Checking Account
12171,Variable Mortgage
12172,Checking Account
12173,Checking Account
12173,Savings Account
12174,Savings Account
12174,Checking Account
12175,Savings Account
12175,Checking Account
12176,Checking Account
12177,Checking Account
12178,Checking Account
12179,Checking Account
12179,Variable Mortgage
12179,Savings Account
12180,Checking Account
12181,Variable Mortgage
12182,Fixed Mortgage
12182,Variable Mortgage
12182,Checking Account
12182,Savings Account
12183,Fixed Mortgage
12183,Checking Account
12183,Savings Account
12184,Fixed Mortgage
12184,Variable Mortgage
12184,Checking Account
12184,Savings Account
12185,Fixed Mortgage
12185,Checking Account
12185,Savings Account
12186,Fixed Mortgage
12186,Variable Mortgage
12186,Savings Account
12187,Fixed Mortgage
12187,Checking Account
12187,Savings Account
12188,Variable Mortgage
12189,Checking Account
12190,Checking Account
12190,Savings Account
12191,Checking Account
12192,Fixed Mortgage
12192,Checking Account
12192,Savings Account
12193,Checking Account
12194,Checking Account
12194,Savings Account
12195,Checking Account
12195,Savings Account
12196,Fixed Mortgage
12196,Checking Account
12196,Savings Account
12197,Checking Account
12197,Savings Account
12198,Fixed Mortgage
12198,Checking Account
12198,Savings Account
12199,Checking Account
12199,Savings Account
12200,Checking Account
12200,Savings Account
12201,Checking Account
12201,Savings Account
12202,Variable Mortgage
12202,Rent Deposit Account
12202,Checking Account
12202,Savings Account
12203,Checking Account
12203,Savings Account
12204,Checking Account
12205,Checking Account
12205,Savings Account
12206,Fixed Mortgage
12206,Checking Account
12206,Savings Account
12207,Checking Account
12207,Savings Account
12208,Checking Account
12208,Savings Account
12209,Checking Account
12210,Checking Account
12210,Savings Account
12211,Fixed Mortgage
12211,Savings Account
12212,Checking Account
12212,Savings Account
12213,Checking Account
12214,Checking Account
12214,Savings Account
12215,Checking Account
12215,Savings Account
12216,Savings Account
12217,Checking Account
12218,Checking Account
12218,Savings Account
12219,Checking Account
12219,Savings Account
12220,Checking Account
12221,Checking Account
12221,Savings Account
12222,Checking Account
12222,Savings Account
12223,Checking Account
12224,Checking Account
12224,Savings Account
12226,Rent Deposit Account
12226,Checking Account
12226,Savings Account
12227,Variable Mortgage
12227,Checking Account
12227,Savings Account
12228,Checking Account
12228,Savings Account
12229,Rent Deposit Account
12229,Checking Account
12229,Savings Account
12230,Fixed Mortgage
12230,Variable Mortgage
12230,Checking Account
12230,Savings Account
12231,Checking Account
12231,Savings Account
12232,Checking Account
12233,Fixed Mortgage
12233,Checking Account
12234,Checking Account
12234,Savings Account
12235,Savings Account
12236,Variable Mortgage
12236,Rent Deposit Account
12236,Checking Account
12236,Savings Account
12237,Checking Account
12237,Savings Account
12238,Fixed Mortgage
12238,Checking Account
12238,Savings Account
12239,Checking Account
12239,Savings Account
12240,Checking Account
12240,Savings Account
12242,Checking Account
12242,Savings Account
12243,Fixed Mortgage
12243,Checking Account
12243,Savings Account
12244,Fixed Mortgage
12244,Variable Mortgage
12244,Checking Account
12244,Savings Account
12245,Variable Mortgage
12245,Checking Account
12246,Checking Account
12246,Savings Account
12247,Checking Account
12247,Savings Account
12248,Checking Account
12248,Savings Account
12249,Checking Account
12249,Savings Account
12250,Checking Account
12250,Savings Account
12251,Variable Mortgage
12251,Checking Account
12251,Savings Account
12252,Checking Account
12253,Checking Account
12254,Checking Account
12254,Savings Account
12255,Fixed Mortgage
12255,Checking Account
12256,Checking Account
12256,Savings Account
12257,Variable Mortgage
12257,Checking Account
12257,Savings Account
12258,Checking Account
12259,Fixed Mortgage
12260,Checking Account
12260,Savings Account
12261,Checking Account
12261,Savings Account
12262,Checking Account
12263,Checking Account
12263,Savings Account
12264,Variable Mortgage
12264,Checking Account
12264,Savings Account
12265,Checking Account
12266,Checking Account
12266,Savings Account
12267,Checking Account
12267,Savings Account
12268,Checking Account
12268,Savings Account
12269,Fixed Mortgage
12269,Rent Deposit Account
12269,Checking Account
12270,Fixed Mortgage
12270,Checking Account
12270,Savings Account
12271,Fixed Mortgage
12271,Variable Mortgage
12271,Checking Account
12271,Savings Account
12272,Checking Account
12272,Savings Account
12273,Fixed Mortgage
12273,Variable Mortgage
12273,Checking Account
12273,Savings Account
12274,Checking Account
12275,Savings Account
12276,Rent Deposit Account
12276,Savings Account
12277,Checking Account
12277,Savings Account
12278,Fixed Mortgage
12278,Variable Mortgage
12278,Checking Account
12278,Savings Account
12279,Variable Mortgage
12279,Checking Account
12279,Savings Account
12280,Checking Account
12280,Savings Account
12281,Checking Account
12282,Variable Mortgage
12282,Checking Account
12282,Savings Account
12283,Checking Account
12284,Checking Account
12284,Savings Account
12285,Checking Account
12285,Savings Account
12286,Checking Account
12286,Savings Account
12287,Rent Deposit Account
12287,Checking Account
12287,Savings Account
12288,Fixed Mortgage
12288,Checking Account
12289,Checking Account
12289,Savings Account
12290,Checking Account
12290,Savings Account
12291,Rent Deposit Account
12291,Checking Account
12291,Savings Account
12292,Checking Account
12292,Savings Account
12293,Checking Account
12293,Savings Account
12294,Rent Deposit Account
12294,Checking Account
12294,Savings Account
12295,Rent Deposit Account
12296,Fixed Mortgage
12296,Checking Account
12296,Savings Account
12297,Checking Account
12298,Checking Account
12299,Checking Account
12299,Savings Account
12300,Variable Mortgage
12300,Checking Account
12300,Savings Account
12301,Checking Account
12301,Savings Account
12302,Checking Account
12302,Savings Account
12303,Checking Account
12303,Savings Account
12304,Checking Account
12305,Variable Mortgage
12305,Checking Account
12305,Savings Account
12306,Checking Account
12307,Fixed Mortgage
12307,Checking Account
12308,Checking Account
12309,Checking Account
12309,Savings Account
12310,Fixed Mortgage
12310,Checking Account
12311,Fixed Mortgage
12311,Rent Deposit Account
12311,Checking Account
12311,Savings Account
12312,Checking Account
12313,Variable Mortgage
12313,Checking Account
12314,Checking Account
12315,Checking Account
12316,Checking Account
12316,Savings Account
12317,Checking Account
12318,Checking Account
12318,Savings Account
12319,Checking Account
12320,Checking Account
12321,Variable Mortgage
12321,Checking Account
12322,Fixed Mortgage
12322,Variable Mortgage
12322,Checking Account
12323,Variable Mortgage
12323,Checking Account
12323,Savings Account
12324,Checking Account
12324,Savings Account
12325,Checking Account
12325,Savings Account
12326,Checking Account
12326,Savings Account
12327,Fixed Mortgage
12327,Variable Mortgage
12327,Checking Account
12327,Savings Account
12328,Checking Account
12329,Checking Account
12330,Checking Account
12331,Checking Account
12332,Checking Account
12332,Savings Account
12333,Checking Account
12334,Checking Account
12335,Savings Account
12335,Checking Account
12336,Savings Account
12336,Checking Account
12337,Savings Account
12337,Rent Deposit Account
12337,Checking Account
12338,Checking Account
12339,Checking Account
12339,Savings Account
12340,Fixed Mortgage
12340,Checking Account
12340,Savings Account
12341,Checking Account
12341,Savings Account
12342,Checking Account
12342,Savings Account
12343,Variable Mortgage
12343,Checking Account
12344,Checking Account
12344,Savings Account
12345,Variable Mortgage
12345,Checking Account
12345,Savings Account
12346,Checking Account
12346,Savings Account
12347,Checking Account
12349,Variable Mortgage
12349,Rent Deposit Account
12349,Checking Account
12350,Fixed Mortgage
12350,Checking Account
12351,Checking Account
12351,Savings Account
12352,Variable Mortgage
12352,Savings Account
12353,Checking Account
12353,Savings Account
12354,Checking Account
12354,Savings Account
12355,Checking Account
12356,Rent Deposit Account
12356,Checking Account
12356,Savings Account
12357,Checking Account
12357,Savings Account
12358,Checking Account
12358,Savings Account
12359,Variable Mortgage
12359,Checking Account
12359,Savings Account
12360,Checking Account
12362,Fixed Mortgage
12362,Checking Account
12362,Savings Account
12363,Checking Account
12364,Fixed Mortgage
12364,Checking Account
12364,Savings Account
12365,Fixed Mortgage
12365,Savings Account
12366,Checking Account
12367,Checking Account
12367,Savings Account
12368,Fixed Mortgage
12368,Checking Account
12369,Fixed Mortgage
12369,Checking Account
12370,Savings Account
12370,Checking Account
12370,Fixed Mortgage
12372,Savings Account
12372,Rent Deposit Account
12372,Checking Account
12373,Checking Account
12374,Checking Account
12375,Savings Account
12376,Checking Account
12377,Savings Account
12377,Fixed Mortgage
12377,Checking Account
12378,Savings Account
12378,Checking Account
12380,Fixed Mortgage
12380,Variable Mortgage
12380,Checking Account
12381,Variable Mortgage
12381,Rent Deposit Account
12381,Checking Account
12381,Savings Account
12382,Checking Account
12383,Checking Account
12383,Savings Account
12384,Checking Account
12384,Savings Account
12385,Checking Account
12385,Savings Account
12386,Checking Account
12387,Checking Account
12387,Savings Account
12388,Variable Mortgage
12388,Checking Account
12388,Savings Account
12389,Fixed Mortgage
12389,Checking Account
12389,Savings Account
12390,Checking Account
12390,Savings Account
12391,Checking Account
12391,Savings Account
12392,Fixed Mortgage
12392,Checking Account
12392,Savings Account
12393,Fixed Mortgage
12393,Checking Account
12394,Fixed Mortgage
12394,Checking Account
12394,Savings Account
12395,Variable Mortgage
12395,Checking Account
12395,Savings Account
12396,Checking Account
12396,Savings Account
12397,Checking Account
12397,Savings Account
12398,Checking Account
12398,Savings Account
12399,Fixed Mortgage
12399,Checking Account
12399,Savings Account
12400,Checking Account
12400,Savings Account
12401,Fixed Mortgage
12401,Checking Account
12401,Savings Account
12402,Checking Account
12402,Savings Account
12403,Checking Account
12404,Rent Deposit Account
12404,Checking Account
12405,Checking Account
12406,Checking Account
12407,Variable Mortgage
12407,Checking Account
12407,Savings Account
12408,Checking Account
12408,Savings Account
12409,Variable Mortgage
12409,Checking Account
12409,Savings Account
12410,Variable Mortgage
12410,Checking Account
12410,Savings Account
12411,Rent Deposit Account
12411,Checking Account
12412,Checking Account
12412,Savings Account
12413,Fixed Mortgage
12413,Checking Account
12414,Checking Account
12414,Savings Account
12415,Checking Account
12416,Checking Account
12417,Fixed Mortgage
12417,Rent Deposit Account
12417,Checking Account
12418,Checking Account
12419,Checking Account
12419,Savings Account
12420,Checking Account
12420,Savings Account
12420,Fixed Mortgage
12421,Variable Mortgage
12421,Checking Account
12421,Fixed Mortgage
12422,Checking Account
12423,Savings Account
12423,Checking Account
12424,Savings Account
12424,Checking Account
12425,Checking Account
12427,Checking Account
12428,Checking Account
12428,Savings Account
12429,Checking Account
12430,Checking Account
12431,Checking Account
12431,Savings Account
12432,Checking Account
12432,Savings Account
12433,Checking Account
12433,Savings Account
12434,Checking Account
12434,Savings Account
12435,Checking Account
12435,Savings Account
12436,Fixed Mortgage
12436,Checking Account
12436,Savings Account
12437,Checking Account
12437,Savings Account
12438,Checking Account
12438,Savings Account
12439,Fixed Mortgage
12439,Checking Account
12439,Savings Account
12440,Checking Account
12440,Savings Account
12441,Savings Account
12442,Checking Account
12443,Checking Account
12443,Savings Account
12444,Savings Account
12445,Checking Account
12446,Checking Account
12446,Savings Account
12447,Fixed Mortgage
12447,Checking Account
12447,Savings Account
12448,Fixed Mortgage
12448,Rent Deposit Account
12448,Savings Account
12449,Variable Mortgage
12449,Savings Account
12450,Fixed Mortgage
12450,Savings Account
12451,Rent Deposit Account
12452,Checking Account
12452,Savings Account
12453,Fixed Mortgage
12453,Variable Mortgage
12453,Checking Account
12453,Savings Account
12454,Fixed Mortgage
12454,Checking Account
12454,Savings Account
12455,Rent Deposit Account
12455,Checking Account
12456,Checking Account
12457,Fixed Mortgage
12457,Checking Account
12457,Savings Account
12458,Checking Account
12458,Savings Account
12459,Checking Account
12460,Checking Account
12461,Fixed Mortgage
12461,Checking Account
12462,Savings Account
12463,Variable Mortgage
12463,Checking Account
12463,Savings Account
12464,Rent Deposit Account
12464,Checking Account
12465,Checking Account
12465,Savings Account
12466,Checking Account
12466,Savings Account
12467,Fixed Mortgage
12467,Checking Account
12468,Checking Account
12468,Savings Account
12469,Checking Account
12469,Savings Account
12470,Checking Account
12472,Checking Account
12473,Checking Account
12473,Savings Account
12474,Checking Account
12474,Savings Account
12475,Checking Account
12475,Fixed Mortgage
12476,Checking Account
12477,Savings Account
12477,Checking Account
12479,Savings Account
12479,Fixed Mortgage
12480,Rent Deposit Account
12480,Checking Account
12480,Savings Account
12481,Checking Account
12481,Savings Account
12482,Variable Mortgage
12482,Checking Account
12483,Checking Account
12483,Savings Account
12484,Checking Account
12485,Fixed Mortgage
12485,Checking Account
12485,Savings Account
12486,Fixed Mortgage
12486,Variable Mortgage
12486,Checking Account
12486,Savings Account
12487,Variable Mortgage
12487,Checking Account
12487,Savings Account
12488,Checking Account
12489,Savings Account
12490,Fixed Mortgage
12490,Checking Account
12490,Savings Account
12491,Checking Account
12492,Checking Account
12493,Checking Account
12493,Savings Account
12494,Checking Account
12494,Savings Account
12495,Checking Account
12495,Savings Account
12496,Checking Account
12496,Savings Account
12497,Fixed Mortgage
12498,Fixed Mortgage
12498,Checking Account
12499,Fixed Mortgage
12499,Checking Account
12500,Checking Account
12500,Savings Account
12501,Checking Account
12501,Savings Account
12502,Fixed Mortgage
12502,Variable Mortgage
12502,Checking Account
12502,Savings Account
12503,Checking Account
12503,Savings Account
12504,Checking Account
12504,Savings Account
12505,Fixed Mortgage
12505,Checking Account
12505,Savings Account
12506,Checking Account
12506,Savings Account
12507,Checking Account
12507,Savings Account
12508,Variable Mortgage
12508,Checking Account
12508,Savings Account
12509,Checking Account
12510,Checking Account
12510,Savings Account
12511,Checking Account
12512,Fixed Mortgage
12512,Checking Account
12512,Savings Account
12513,Fixed Mortgage
12513,Variable Mortgage
12513,Checking Account
12513,Savings Account
12514,Fixed Mortgage
12514,Checking Account
12516,Checking Account
12516,Savings Account
12517,Checking Account
12517,Savings Account
12518,Fixed Mortgage
12518,Checking Account
12518,Savings Account
12519,Checking Account
12519,Savings Account
12520,Fixed Mortgage
12520,Checking Account
12521,Rent Deposit Account
12521,Checking Account
12521,Savings Account
12522,Variable Mortgage
12522,Checking Account
12522,Savings Account
12523,Fixed Mortgage
12523,Checking Account
12523,Savings Account
12524,Fixed Mortgage
12524,Checking Account
12524,Savings Account
12525,Checking Account
12526,Checking Account
12526,Savings Account
12527,Fixed Mortgage
12527,Checking Account
12527,Savings Account
12528,Variable Mortgage
12528,Checking Account
12529,Savings Account
12530,Checking Account
12530,Savings Account
12531,Variable Mortgage
12531,Checking Account
12531,Savings Account
12532,Fixed Mortgage
12532,Checking Account
12533,Checking Account
12534,Variable Mortgage
12534,Checking Account
12534,Savings Account
12535,Checking Account
12536,Fixed Mortgage
12536,Savings Account
12537,Variable Mortgage
12537,Checking Account
12538,Variable Mortgage
12538,Checking Account
12538,Savings Account
12539,Fixed Mortgage
12539,Checking Account
12540,Fixed Mortgage
12540,Checking Account
12541,Fixed Mortgage
12541,Checking Account
12541,Savings Account
12542,Checking Account
12542,Savings Account
12543,Fixed Mortgage
12543,Checking Account
12543,Savings Account
12544,Fixed Mortgage
12544,Checking Account
12545,Checking Account
12546,Fixed Mortgage
12546,Variable Mortgage
12546,Checking Account
12547,Checking Account
12547,Savings Account
12548,Checking Account
12548,Savings Account
12549,Checking Account
12549,Savings Account
12550,Variable Mortgage
12550,Checking Account
12550,Savings Account
12551,Checking Account
12551,Savings Account
12552,Variable Mortgage
12552,Rent Deposit Account
12552,Checking Account
12552,Savings Account
12553,Checking Account
12554,Variable Mortgage
12555,Checking Account
12556,Checking Account
12556,Savings Account
12557,Checking Account
12557,Savings Account
12558,Savings Account
12559,Fixed Mortgage
12559,Checking Account
12560,Checking Account
12560,Savings Account
12561,Checking Account
12561,Savings Account
12562,Checking Account
12562,Savings Account
12563,Checking Account
12564,Checking Account
12564,Savings Account
12565,Checking Account
12565,Savings Account
12566,Checking Account
12566,Savings Account
12567,Checking Account
12567,Savings Account
12568,Fixed Mortgage
12568,Variable Mortgage
12568,Checking Account
12569,Variable Mortgage
12569,Checking Account
12569,Savings Account
12570,Variable Mortgage
12570,Checking Account
12570,Savings Account
12571,Variable Mortgage
12571,Checking Account
12571,Savings Account
12572,Checking Account
12572,Savings Account
12573,Variable Mortgage
12573,Rent Deposit Account
12573,Checking Account
12573,Savings Account
12574,Checking Account
12575,Checking Account
12576,Checking Account
12577,Variable Mortgage
12577,Checking Account
12578,Rent Deposit Account
12578,Checking Account
12578,Savings Account
12579,Variable Mortgage
12579,Checking Account
12580,Fixed Mortgage
12580,Savings Account
12581,Fixed Mortgage
12581,Checking Account
12581,Savings Account
12582,Checking Account
12583,Checking Account
12583,Savings Account
12584,Checking Account
12584,Savings Account
12585,Checking Account
12585,Savings Account
12586,Checking Account
12587,Rent Deposit Account
12588,Rent Deposit Account
12588,Checking Account
12588,Savings Account
12589,Checking Account
12589,Savings Account
12590,Checking Account
12591,Variable Mortgage
12591,Checking Account
12591,Savings Account
12592,Checking Account
12593,Checking Account
12594,Checking Account
12594,Savings Account
12595,Checking Account
12595,Savings Account
12596,Checking Account
12597,Fixed Mortgage
12597,Checking Account
12597,Savings Account
12598,Checking Account
12598,Savings Account
12599,Fixed Mortgage
12599,Checking Account
